Metro ,Zip 
CA-LosAngeles ,91303
CA-LosAngeles ,91306
CA-LosAngeles ,91335
CA-LosAngeles ,91367
CA-LosAngeles ,90290
CA-LosAngeles ,91302
CA-LosAngeles ,91304
CA-LosAngeles ,91307
CA-LosAngeles ,91364
CA-LosAngeles ,91356
CA-LosAngeles ,92672
CA-LosAngeles ,92673
CA-LosAngeles ,92679
CA-LosAngeles ,90001
CA-LosAngeles ,90002
CA-LosAngeles ,90003
CA-LosAngeles ,90043
CA-LosAngeles ,90044
CA-LosAngeles ,90045
CA-LosAngeles ,90047
CA-LosAngeles ,90059
CA-LosAngeles ,90061
CA-LosAngeles ,90220
CA-LosAngeles ,90221
CA-LosAngeles ,90222
CA-LosAngeles ,90241
CA-LosAngeles ,90242
CA-LosAngeles ,90245
CA-LosAngeles ,90247
CA-LosAngeles ,90248
CA-LosAngeles ,90249
CA-LosAngeles ,90250
CA-LosAngeles ,90254
CA-LosAngeles ,90255
CA-LosAngeles ,90260
CA-LosAngeles ,90262
CA-LosAngeles ,90266
CA-LosAngeles ,90274
CA-LosAngeles ,90275
CA-LosAngeles ,90277
CA-LosAngeles ,90278
CA-LosAngeles ,90280
CA-LosAngeles ,90293
CA-LosAngeles ,90301
CA-LosAngeles ,90302
CA-LosAngeles ,90303
CA-LosAngeles ,90304
CA-LosAngeles ,90305
CA-LosAngeles ,90501
CA-LosAngeles ,90502
CA-LosAngeles ,90503
CA-LosAngeles ,90504
CA-LosAngeles ,90505
CA-LosAngeles ,90506
CA-LosAngeles ,90620
CA-LosAngeles ,90621
CA-LosAngeles ,90623
CA-LosAngeles ,90630
CA-LosAngeles ,90680
CA-LosAngeles ,90706
CA-LosAngeles ,90710
CA-LosAngeles ,90712
CA-LosAngeles ,90713
CA-LosAngeles ,90715
CA-LosAngeles ,90716
CA-LosAngeles ,90717
CA-LosAngeles ,90720
CA-LosAngeles ,90723
CA-LosAngeles ,90731
CA-LosAngeles ,90732
CA-LosAngeles ,90740
CA-LosAngeles ,90744
CA-LosAngeles ,90745
CA-LosAngeles ,90746
CA-LosAngeles ,90747
CA-LosAngeles ,90755
CA-LosAngeles ,90802
CA-LosAngeles ,90803
CA-LosAngeles ,90804
CA-LosAngeles ,90805
CA-LosAngeles ,90806
CA-LosAngeles ,90807
CA-LosAngeles ,90808
CA-LosAngeles ,90810
CA-LosAngeles ,90813
CA-LosAngeles ,90814
CA-LosAngeles ,90815
CA-LosAngeles ,90822
CA-LosAngeles ,90831
CA-LosAngeles ,92602
CA-LosAngeles ,92603
CA-LosAngeles ,92604
CA-LosAngeles ,92606
CA-LosAngeles ,92610
CA-LosAngeles ,92612
CA-LosAngeles ,92614
CA-LosAngeles ,92617
CA-LosAngeles ,92618
CA-LosAngeles ,92620
CA-LosAngeles ,92625
CA-LosAngeles ,92626
CA-LosAngeles ,92627
CA-LosAngeles ,92630
CA-LosAngeles ,92637
CA-LosAngeles ,92646
CA-LosAngeles ,92647
CA-LosAngeles ,92648
CA-LosAngeles ,92649
CA-LosAngeles ,92651
CA-LosAngeles ,92653
CA-LosAngeles ,92655
CA-LosAngeles ,92656
CA-LosAngeles ,92657
CA-LosAngeles ,92660
CA-LosAngeles ,92661
CA-LosAngeles ,92662
CA-LosAngeles ,92663
CA-LosAngeles ,92675
CA-LosAngeles ,92677
CA-LosAngeles ,92683
CA-LosAngeles ,92688
CA-LosAngeles ,92691
CA-LosAngeles ,92692
CA-LosAngeles ,92694
CA-LosAngeles ,92697
CA-LosAngeles ,92701
CA-LosAngeles ,92703
CA-LosAngeles ,92704
CA-LosAngeles ,92705
CA-LosAngeles ,92706
CA-LosAngeles ,92707
CA-LosAngeles ,92708
CA-LosAngeles ,92780
CA-LosAngeles ,92782
CA-LosAngeles ,92801
CA-LosAngeles ,92802
CA-LosAngeles ,92804
CA-LosAngeles ,92805
CA-LosAngeles ,92806
CA-LosAngeles ,92807
CA-LosAngeles ,92808
CA-LosAngeles ,92831
CA-LosAngeles ,92832
CA-LosAngeles ,92833
CA-LosAngeles ,92835
CA-LosAngeles ,92840
CA-LosAngeles ,92841
CA-LosAngeles ,92843
CA-LosAngeles ,92844
CA-LosAngeles ,92845
CA-LosAngeles ,92861
CA-LosAngeles ,92865
CA-LosAngeles ,92866
CA-LosAngeles ,92867
CA-LosAngeles ,92868
CA-LosAngeles ,92869
CA-LosAngeles ,92870
CA-LosAngeles ,92886
CA-LosAngeles ,90078
CA-LosAngeles ,91103
CA-LosAngeles ,91104
CA-LosAngeles ,91401
CA-LosAngeles ,91602
CA-LosAngeles ,91107
CA-LosAngeles ,91011
CA-LosAngeles ,91206
CA-LosAngeles ,91208
CA-LosAngeles ,91502
CA-LosAngeles ,91510
CA-LosAngeles ,91610
CA-LosAngeles ,91733
CA-LosAngeles ,91772
CA-LosAngeles ,91124
CA-LosAngeles ,91731
CA-LosAngeles ,90050
CA-LosAngeles ,91021
CA-LosAngeles ,91188
CA-LosAngeles ,91225
CA-LosAngeles ,91214
CA-LosAngeles ,91101
CA-LosAngeles ,91801
CA-LosAngeles ,90093
CA-LosAngeles ,90027
CA-LosAngeles ,91031
CA-LosAngeles ,91205
CA-LosAngeles ,91508
CA-LosAngeles ,91340
CA-LosAngeles ,90028
CA-LosAngeles ,91102
CA-LosAngeles ,91606
CA-LosAngeles ,91770
CA-LosAngeles ,91352
CA-LosAngeles ,91771
CA-LosAngeles ,90065
CA-LosAngeles ,91001
CA-LosAngeles ,90041
CA-LosAngeles ,91040
CA-LosAngeles ,91501
CA-LosAngeles ,90039
CA-LosAngeles ,90068
CA-LosAngeles ,91778
CA-LosAngeles ,91605
CA-LosAngeles ,91105
CA-LosAngeles ,91126
CA-LosAngeles ,91506
CA-LosAngeles ,91503
CA-LosAngeles ,91210
CA-LosAngeles ,91118
CA-LosAngeles ,91182
CA-LosAngeles ,91505
CA-LosAngeles ,91331
CA-LosAngeles ,90046
CA-LosAngeles ,91775
CA-LosAngeles ,90042
CA-LosAngeles ,90090
CA-LosAngeles ,91121
CA-LosAngeles ,91030
CA-LosAngeles ,91125
CA-LosAngeles ,91202
CA-LosAngeles ,91802
CA-LosAngeles ,91020
CA-LosAngeles ,91601
CA-LosAngeles ,91204
CA-LosAngeles ,91006
CA-LosAngeles ,91207
CA-LosAngeles ,91604
CA-LosAngeles ,91117
CA-LosAngeles ,91342
CA-LosAngeles ,91003
CA-LosAngeles ,91521
CA-LosAngeles ,91607
CA-LosAngeles ,91780
CA-LosAngeles ,91042
CA-LosAngeles ,91007
CA-LosAngeles ,91203
CA-LosAngeles ,91402
CA-LosAngeles ,91504
CA-LosAngeles ,91012
CA-LosAngeles ,91106
CA-LosAngeles ,91776
CA-LosAngeles ,91024
CA-LosAngeles ,91614
CA-LosAngeles ,91108
CA-LosAngeles ,91201
CA-LosAngeles ,91608
CA-LosAngeles ,91016
CA-LosAngeles ,90405
CA-LosAngeles ,90069
CA-LosAngeles ,90406
CA-LosAngeles ,90022
CA-LosAngeles ,90211
CA-LosAngeles ,90017
CA-LosAngeles ,90031
CA-LosAngeles ,90066
CA-LosAngeles ,90230
CA-LosAngeles ,90409
CA-LosAngeles ,90034
CA-LosAngeles ,90020
CA-LosAngeles ,90232
CA-LosAngeles ,91406
CA-LosAngeles ,91436
CA-LosAngeles ,90291
CA-LosAngeles ,90403
CA-LosAngeles ,90295
CA-LosAngeles ,90086
CA-LosAngeles ,90294
CA-LosAngeles ,91754
CA-LosAngeles ,90077
CA-LosAngeles ,90033
CA-LosAngeles ,90070
CA-LosAngeles ,90095
CA-LosAngeles ,90640
CA-LosAngeles ,90011
CA-LosAngeles ,91345
CA-LosAngeles ,90010
CA-LosAngeles ,90060
CA-LosAngeles ,90063
CA-LosAngeles ,90084
CA-LosAngeles ,91403
CA-LosAngeles ,90292
CA-LosAngeles ,90089
CA-LosAngeles ,90094
CA-LosAngeles ,90064
CA-LosAngeles ,90079
CA-LosAngeles ,91755
CA-LosAngeles ,90053
CA-LosAngeles ,91316
CA-LosAngeles ,90024
CA-LosAngeles ,90071
CA-LosAngeles ,90209
CA-LosAngeles ,90018
CA-LosAngeles ,91325
CA-LosAngeles ,90189
CA-LosAngeles ,90233
CA-LosAngeles ,90057
CA-LosAngeles ,91405
CA-LosAngeles ,90075
CA-LosAngeles ,91411
CA-LosAngeles ,90270
CA-LosAngeles ,90026
CA-LosAngeles ,90015
CA-LosAngeles ,90007
CA-LosAngeles ,90037
CA-LosAngeles ,90401
CA-LosAngeles ,90408
CA-LosAngeles ,90019
CA-LosAngeles ,90272
CA-LosAngeles ,90025
CA-LosAngeles ,90021
CA-LosAngeles ,91343
CA-LosAngeles ,91423
CA-LosAngeles ,90005
CA-LosAngeles ,90023
CA-LosAngeles ,90032
CA-LosAngeles ,90231
CA-LosAngeles ,91803
CA-LosAngeles ,90058
CA-LosAngeles ,90008
CA-LosAngeles ,90056
CA-LosAngeles ,90067
CA-LosAngeles ,90006
CA-LosAngeles ,90013
CA-LosAngeles ,90029
CA-LosAngeles ,90016
CA-LosAngeles ,90038
CA-LosAngeles ,90210
CA-LosAngeles ,90402
CA-LosAngeles ,90404
CA-LosAngeles ,90004
CA-LosAngeles ,90407
CA-LosAngeles ,90014
CA-LosAngeles ,90062
CA-LosAngeles ,90081
CA-LosAngeles ,90073
CA-LosAngeles ,90212
CA-LosAngeles ,90012
CA-LosAngeles ,90035
CA-LosAngeles ,90213
CA-LosAngeles ,90036
CA-LosAngeles ,90049
CA-LosAngeles ,90040
CA-LosAngeles ,90074
CA-LosAngeles ,90048
CA-Sacramento ,95841
CA-Sacramento ,95630
CA-Sacramento ,95827
CA-Sacramento ,95762
CA-Sacramento ,95621
CA-Sacramento ,95628
CA-Sacramento ,95670
CA-Sacramento ,95677
CA-Sacramento ,95746
CA-Sacramento ,95661
CA-Sacramento ,95662
CA-Sacramento ,95842
CA-Sacramento ,95610
CA-Sacramento ,95742
CA-Sacramento ,95655
CA-Sacramento ,95843
CA-Sacramento ,95608
CA-Sacramento ,95678
CA-Sacramento ,95618
CA-Sacramento ,95822
CA-Sacramento ,95828
CA-Sacramento ,95660
CA-Sacramento ,95814
CA-Sacramento ,95864
CA-Sacramento ,95820
CA-Sacramento ,95824
CA-Sacramento ,95831
CA-Sacramento ,95691
CA-Sacramento ,95837
CA-Sacramento ,95826
CA-Sacramento ,95616
CA-Sacramento ,95624
CA-Sacramento ,95758
CA-Sacramento ,95836
CA-Sacramento ,95819
CA-Sacramento ,95811
CA-Sacramento ,95823
CA-Sacramento ,95825
CA-Sacramento ,95605
CA-Sacramento ,95817
CA-Sacramento ,95652
CA-Sacramento ,95830
CA-Sacramento ,95673
CA-Sacramento ,95838
CA-Sacramento ,95835
CA-Sacramento ,95833
CA-Sacramento ,95818
CA-Sacramento ,95821
CA-Sacramento ,95834
CA-Sacramento ,95816
CA-Sacramento ,95815
CA-Sacramento ,95829
CA-Sacramento ,95832
CA-SanDiego ,92007
CA-SanDiego ,92126
CA-SanDiego ,92182
CA-SanDiego ,91911
CA-SanDiego ,92135
CA-SanDiego ,92021
CA-SanDiego ,92103
CA-SanDiego ,92111
CA-SanDiego ,92109
CA-SanDiego ,91902
CA-SanDiego ,92128
CA-SanDiego ,92129
CA-SanDiego ,91945
CA-SanDiego ,92145
CA-SanDiego ,92122
CA-SanDiego ,92199
CA-SanDiego ,92173
CA-SanDiego ,92108
CA-SanDiego ,92123
CA-SanDiego ,92154
CA-SanDiego ,92110
CA-SanDiego ,92124
CA-SanDiego ,92131
CA-SanDiego ,92140
CA-SanDiego ,92014
CA-SanDiego ,92067
CA-SanDiego ,92120
CA-SanDiego ,91915
CA-SanDiego ,91941
CA-SanDiego ,92075
CA-SanDiego ,92107
CA-SanDiego ,92102
CA-SanDiego ,92106
CA-SanDiego ,92115
CA-SanDiego ,91914
CA-SanDiego ,92020
CA-SanDiego ,92093
CA-SanDiego ,92101
CA-SanDiego ,92130
CA-SanDiego ,92071
CA-SanDiego ,92009
CA-SanDiego ,92117
CA-SanDiego ,91910
CA-SanDiego ,91977
CA-SanDiego ,92121
CA-SanDiego ,92139
CA-SanDiego ,92104
CA-SanDiego ,92011
CA-SanDiego ,92134
CA-SanDiego ,92037
CA-SanDiego ,91932
CA-SanDiego ,92119
CA-SanDiego ,92136
CA-SanDiego ,92147
CA-SanDiego ,91950
CA-SanDiego ,91942
CA-SanDiego ,92024
CA-SanDiego ,92127
CA-SanDiego ,92091
CA-SanDiego ,92118
CA-SanDiego ,92112
CA-SanDiego ,91913
CA-SanDiego ,92105
CA-SanDiego ,92114
CA-SanDiego ,92116
CA-SanDiego ,92064
CA-SanDiego ,92113
CA-SanFranciscoBay ,94002
CA-SanFranciscoBay ,94005
CA-SanFranciscoBay ,94010
CA-SanFranciscoBay ,94014
CA-SanFranciscoBay ,94015
CA-SanFranciscoBay ,94022
CA-SanFranciscoBay ,94024
CA-SanFranciscoBay ,94025
CA-SanFranciscoBay ,94027
CA-SanFranciscoBay ,94028
CA-SanFranciscoBay ,94030
CA-SanFranciscoBay ,94035
CA-SanFranciscoBay ,94040
CA-SanFranciscoBay ,94041
CA-SanFranciscoBay ,94043
CA-SanFranciscoBay ,94044
CA-SanFranciscoBay ,94061
CA-SanFranciscoBay ,94063
CA-SanFranciscoBay ,94065
CA-SanFranciscoBay ,94066
CA-SanFranciscoBay ,94070
CA-SanFranciscoBay ,94080
CA-SanFranciscoBay ,94085
CA-SanFranciscoBay ,94086
CA-SanFranciscoBay ,94087
CA-SanFranciscoBay ,94089
CA-SanFranciscoBay ,94110
CA-SanFranciscoBay ,94112
CA-SanFranciscoBay ,94114
CA-SanFranciscoBay ,94116
CA-SanFranciscoBay ,94121
CA-SanFranciscoBay ,94122
CA-SanFranciscoBay ,94124
CA-SanFranciscoBay ,94127
CA-SanFranciscoBay ,94131
CA-SanFranciscoBay ,94132
CA-SanFranciscoBay ,94134
CA-SanFranciscoBay ,94301
CA-SanFranciscoBay ,94303
CA-SanFranciscoBay ,94304
CA-SanFranciscoBay ,94305
CA-SanFranciscoBay ,94306
CA-SanFranciscoBay ,94401
CA-SanFranciscoBay ,94402
CA-SanFranciscoBay ,94403
CA-SanFranciscoBay ,94404
CA-SanFranciscoBay ,94501
CA-SanFranciscoBay ,94502
CA-SanFranciscoBay ,94506
CA-SanFranciscoBay ,94507
CA-SanFranciscoBay ,94526
CA-SanFranciscoBay ,94528
CA-SanFranciscoBay ,94530
CA-SanFranciscoBay ,94536
CA-SanFranciscoBay ,94538
CA-SanFranciscoBay ,94539
CA-SanFranciscoBay ,94541
CA-SanFranciscoBay ,94542
CA-SanFranciscoBay ,94544
CA-SanFranciscoBay ,94545
CA-SanFranciscoBay ,94546
CA-SanFranciscoBay ,94549
CA-SanFranciscoBay ,94555
CA-SanFranciscoBay ,94560
CA-SanFranciscoBay ,94566
CA-SanFranciscoBay ,94568
CA-SanFranciscoBay ,94577
CA-SanFranciscoBay ,94578
CA-SanFranciscoBay ,94579
CA-SanFranciscoBay ,94580
CA-SanFranciscoBay ,94582
CA-SanFranciscoBay ,94583
CA-SanFranciscoBay ,94587
CA-SanFranciscoBay ,94588
CA-SanFranciscoBay ,94595
CA-SanFranciscoBay ,94596
CA-SanFranciscoBay ,94597
CA-SanFranciscoBay ,94598
CA-SanFranciscoBay ,94601
CA-SanFranciscoBay ,94602
CA-SanFranciscoBay ,94605
CA-SanFranciscoBay ,94606
CA-SanFranciscoBay ,94607
CA-SanFranciscoBay ,94608
CA-SanFranciscoBay ,94609
CA-SanFranciscoBay ,94610
CA-SanFranciscoBay ,94611
CA-SanFranciscoBay ,94612
CA-SanFranciscoBay ,94613
CA-SanFranciscoBay ,94618
CA-SanFranciscoBay ,94621
CA-SanFranciscoBay ,94702
CA-SanFranciscoBay ,94703
CA-SanFranciscoBay ,94704
CA-SanFranciscoBay ,94705
CA-SanFranciscoBay ,94706
CA-SanFranciscoBay ,94707
CA-SanFranciscoBay ,94708
CA-SanFranciscoBay ,94709
CA-SanFranciscoBay ,94710
CA-SanFranciscoBay ,94720
CA-SanFranciscoBay ,95002
CA-SanFranciscoBay ,95008
CA-SanFranciscoBay ,95013
CA-SanFranciscoBay ,95014
CA-SanFranciscoBay ,95030
CA-SanFranciscoBay ,95032
CA-SanFranciscoBay ,95035
CA-SanFranciscoBay ,95050
CA-SanFranciscoBay ,95051
CA-SanFranciscoBay ,95053
CA-SanFranciscoBay ,95054
CA-SanFranciscoBay ,95070
CA-SanFranciscoBay ,95110
CA-SanFranciscoBay ,95111
CA-SanFranciscoBay ,95112
CA-SanFranciscoBay ,95113
CA-SanFranciscoBay ,95116
CA-SanFranciscoBay ,95117
CA-SanFranciscoBay ,95118
CA-SanFranciscoBay ,95119
CA-SanFranciscoBay ,95120
CA-SanFranciscoBay ,95121
CA-SanFranciscoBay ,95122
CA-SanFranciscoBay ,95123
CA-SanFranciscoBay ,95124
CA-SanFranciscoBay ,95125
CA-SanFranciscoBay ,95126
CA-SanFranciscoBay ,95127
CA-SanFranciscoBay ,95128
CA-SanFranciscoBay ,95129
CA-SanFranciscoBay ,95130
CA-SanFranciscoBay ,95131
CA-SanFranciscoBay ,95132
CA-SanFranciscoBay ,95133
CA-SanFranciscoBay ,95134
CA-SanFranciscoBay ,95136
CA-SanFranciscoBay ,95138
CA-SanFranciscoBay ,95139
CA-SanFranciscoBay ,95148
CA-SanFranciscoBay ,95192
CA-SanFranciscoBay ,94142
CA-SanFranciscoBay ,94126
CA-SanFranciscoBay ,94163
CA-SanFranciscoBay ,94102
CA-SanFranciscoBay ,94119
CA-SanFranciscoBay ,94118
CA-SanFranciscoBay ,94107
CA-SanFranciscoBay ,94123
CA-SanFranciscoBay ,94129
CA-SanFranciscoBay ,94172
CA-SanFranciscoBay ,94120
CA-SanFranciscoBay ,94105
CA-SanFranciscoBay ,94130
CA-SanFranciscoBay ,94115
CA-SanFranciscoBay ,94177
CA-SanFranciscoBay ,94133
CA-SanFranciscoBay ,94108
CA-SanFranciscoBay ,94117
CA-SanFranciscoBay ,94147
CA-SanFranciscoBay ,94141
CA-SanFranciscoBay ,94158
CA-SanFranciscoBay ,94144
CA-SanFranciscoBay ,94137
CA-SanFranciscoBay ,94109
CA-SanFranciscoBay ,94111
CA-SanFranciscoBay ,94160
CA-SanFranciscoBay ,94103
CA-SanFranciscoBay ,94104
CA-SanFranciscoBay ,94145
CA-LosAngeles ,90009
CA-LosAngeles ,90083
CA-LosAngeles ,90223
CA-LosAngeles ,90224
CA-LosAngeles ,90239
CA-LosAngeles ,90261
CA-LosAngeles ,90267
CA-LosAngeles ,90296
CA-LosAngeles ,90507
CA-LosAngeles ,90622
CA-LosAngeles ,90624
CA-LosAngeles ,90707
CA-LosAngeles ,90711
CA-LosAngeles ,90714
CA-LosAngeles ,90748
CA-LosAngeles ,90749
CA-LosAngeles ,90895
CA-LosAngeles ,92609
CA-LosAngeles ,92616
CA-LosAngeles ,92619
CA-LosAngeles ,92623
CA-LosAngeles ,92624
CA-LosAngeles ,92628
CA-LosAngeles ,92629
CA-LosAngeles ,92685
CA-LosAngeles ,92690
CA-LosAngeles ,92702
CA-LosAngeles ,92781
CA-LosAngeles ,92811
CA-LosAngeles ,92814
CA-LosAngeles ,92825
CA-LosAngeles ,92842
CA-LosAngeles ,92856
CA-LosAngeles ,92859
CA-LosAngeles ,92863
CA-LosAngeles ,92864
CA-LosAngeles ,92871
CA-SanFranciscoBay ,94017
CA-SanFranciscoBay ,94062
CA-SanFranciscoBay ,94083
CA-SanFranciscoBay ,94125
CA-SanFranciscoBay ,94128
CA-SanFranciscoBay ,94140
CA-SanFranciscoBay ,94143
CA-SanFranciscoBay ,94146
CA-SanFranciscoBay ,94547
CA-SanFranciscoBay ,94563
CA-SanFranciscoBay ,94564
CA-SanFranciscoBay ,94603
CA-SanFranciscoBay ,94617
CA-SanFranciscoBay ,94619
CA-SanFranciscoBay ,94623
CA-SanFranciscoBay ,94659
CA-SanFranciscoBay ,94662
CA-SanFranciscoBay ,94801
CA-SanFranciscoBay ,94803
CA-SanFranciscoBay ,94804
CA-SanFranciscoBay ,94805
CA-SanFranciscoBay ,94806
CA-SanFranciscoBay ,95009
CA-SanFranciscoBay ,95015
CA-SanFranciscoBay ,95052
CA-SanFranciscoBay ,95056
CA-SanFranciscoBay ,95103
CA-SanFranciscoBay ,95108
CA-SanFranciscoBay ,95109
CA-SanFranciscoBay ,95115
